mysql> show tables;
+-----------------------+
| Tables_in_shoppingapp |
+-----------------------+
| product               |
| subcategory           |
| topcategory           |
+-----------------------+
3 rows in set (0.00 sec)

mysql> select * from product;
+------------+----------------+--------------+--------+------------+------------+-------------------+
| product_id | subcategory_id | product_name | price  | brand      | detail     | filename          |
+------------+----------------+--------------+--------+------------+------------+-------------------+
|          1 |              3 | test         |    123 | test       | test       | 1621830846809.jpg |
|          2 |              2 | 가죽자켓     | 300000 | 존바바토스 | 짱짱합니다 | 1621833937023.jpg |
|          3 |              5 | 찢청         |  30000 | 뱅뱅       | 시원합니다 | 1621834476808.jpg |
+------------+----------------+--------------+--------+------------+------------+-------------------+
3 rows in set (0.01 sec)

mysql> select * from product where product_name like '%가죽%';
+------------+----------------+--------------+--------+------------+------------+-------------------+
| product_id | subcategory_id | product_name | price  | brand      | detail     | filename          |
+------------+----------------+--------------+--------+------------+------------+-------------------+
|          2 |              2 | 가죽자켓     | 300000 | 존바바토스 | 짱짱합니다 | 1621833937023.jpg |
+------------+----------------+--------------+--------+------------+------------+-------------------+
1 row in set (0.01 sec)

mysql> select * from product where detail like '%합%';
+------------+----------------+--------------+--------+------------+------------+-------------------+
| product_id | subcategory_id | product_name | price  | brand      | detail     | filename          |
+------------+----------------+--------------+--------+------------+------------+-------------------+
|          2 |              2 | 가죽자켓     | 300000 | 존바바토스 | 짱짱합니다 | 1621833937023.jpg |
|          3 |              5 | 찢청         |  30000 | 뱅뱅       | 시원합니다 | 1621834476808.jpg |
+------------+----------------+--------------+--------+------------+------------+-------------------+
2 rows in set (0.00 sec)

mysql> select *
    -> from subcategory s, product p
    -> where s.subcategory_id=p.subcategory_id;
+----------------+----------------+----------+------------+----------------+--------------+--------+------------+------------+-------------------+
| subcategory_id | topcategory_id | sub_name | product_id | subcategory_id | product_name | price  | brand      | detail     | filename          |
+----------------+----------------+----------+------------+----------------+--------------+--------+------------+------------+-------------------+
|              2 |              1 | Jacket   |          2 |              2 | 가죽자켓     | 300000 | 존바바토스 | 짱짱합니다 | 1621833937023.jpg |
|              3 |              1 | Shirts   |          1 |              3 | test         |    123 | test       | test       | 1621830846809.jpg |
|              5 |              2 | Jeans    |          3 |              5 | 찢청         |  30000 | 뱅뱅       | 시원합니다 | 1621834476808.jpg |
+----------------+----------------+----------+------------+----------------+--------------+--------+------------+------------+-------------------+
3 rows in set (0.00 sec)

mysql> select product_id, sub_name, product_name, price, brand, detail, filename
    -> from subcategory s, product p
    -> where s.subcategory_id=p.subcategory_id;
+------------+----------+--------------+--------+------------+------------+-------------------+
| product_id | sub_name | product_name | price  | brand      | detail     | filename          |
+------------+----------+--------------+--------+------------+------------+-------------------+
|          2 | Jacket   | 가죽자켓     | 300000 | 존바바토스 | 짱짱합니다 | 1621833937023.jpg |
|          1 | Shirts   | test         |    123 | test       | test       | 1621830846809.jpg |
|          3 | Jeans    | 찢청         |  30000 | 뱅뱅       | 시원합니다 | 1621834476808.jpg |
+------------+----------+--------------+--------+------------+------------+-------------------+
3 rows in set (0.00 sec)